﻿<?xml version="1.0" encoding="utf-8"?>
<metadata xml:lang="en">
  <Esri>
    <CreaDate>20201215</CreaDate>
    <CreaTime>10425500</CreaTime>
    <ArcGISFormat>1.0</ArcGISFormat>
    <SyncOnce>TRUE</SyncOnce>
  </Esri>
  <dataIdInfo>
    <idCitation>
      <resTitle>Annotation Tasks</resTitle>
    </idCitation>
    <idPurp>This is a test</idPurp>
    <idAbs>&lt;P&gt;Description goes here &lt;/P&gt;</idAbs>
    <searchKeys>
      <keyword>None</keyword>
      <keyword>arcpro</keyword>
      <keyword>parcel</keyword>
    </searchKeys>
  </dataIdInfo>
</metadata>