<?xml version="1.0" encoding="UTF-8"?>
<metadata xml:lang="en"><Esri><CreaDate>20220912</CreaDate><CreaTime>13182200</CreaTime><ArcGISFormat>1.0</ArcGISFormat><SyncOnce>TRUE</SyncOnce><DataProperties><lineage><Process ToolSource="c:\program files\arcgis\pro\Resources\ArcToolbox\toolboxes\Data Management Tools.tbx\ExportAttributeRules" Date="20220912" Time="131822">ExportAttributeRules C:\ORMAP3.0\T7-4\Fabric\TownEd.gdb\ConstructionLines C:\ORMAP3.0\T7-4\Fabric\RuleExports\ConstructionLines.csv</Process></lineage></DataProperties></Esri></metadata>
